PLACEKEY,LOCATION_NAME,TOP_CATEGORY,STREET_ADDRESS,unique_visits,days_with_any_visit,visits_per_day,building_sqft,visits_per_sqft
226-222@8tf-p3j-m8v,American Furniture Outlet,Furniture Stores,1025 E Missouri Ave,5855,594,9.86,13002.8,0.4503
22k-223@8tf-p3j-89z,Glamour Cult Salon,Personal Care Services,1021 E Missouri Ave,5855,594,9.86,13002.8,0.4503
229-222@8tf-p3j-5pv,Apartments at 1140 Rio Grande Ave,Lessors of Real Estate,1140 E Rio Grande Ave,3070,585,5.25,26942.0,0.1139
227-224@8tf-p3j-89z,Spm Brakes Suspension,Automotive Repair and Maintenance,1009 E Missouri Ave,2395,490,4.89,5898.6,0.406
22h-222@8tf-p3j-kxq,Apartments at 1127 E Missouri Ave,Lessors of Real Estate,1127 E Missouri Ave,2196,554,3.96,4413.2,0.4976
22p-222@8tf-p3j-mc5,E & J Kustomotive,Automotive Repair and Maintenance,1022 Wyoming Ave,2174,513,4.24,5306.6,0.4097
229-222@8tf-p3j-m49,Tomasso Arditti,Shoe Stores,1201C E Missouri Ave,2147,543,3.95,5177.4,0.4147
228-222@8tf-p3j-m49,Done Right Roofing and Construction,Building Finishing Contractors,1201 E Missouri Ave Ste A,2147,543,3.95,5177.4,0.4147
228-223@8tf-p3j-m49,Trophies Associates,"Architectural, Engineering, and Related Services",1201 E Missouri Ave,2147,543,3.95,5177.4,0.4147
225-222@8tf-p3j-jsq,All Temp Insulation,Other Specialty Trade Contractors,1629 Wyoming Ave,2117,583,3.63,13368.8,0.1584
23g-222@8tf-p3j-jvz,Gold & Silver Exchange,Nondepository Credit Intermediation,1609 Montana Ave,1948,518,3.76,16501.1,0.1181
22m-222@8tf-p3j-jvz,Sun City Income Tax Service,"Accounting, Tax Preparation, Bookkeeping, and Payroll Services",1607 Montana Ave,1948,518,3.76,16501.1,0.1181
222-222@8tf-p3j-jvz,ZOE Nutricion Saludable,Drugs and Druggists' Sundries Merchant Wholesalers,1603 Montana Ave,1948,518,3.76,16501.1,0.1181
22q-223@8tf-p3j-jvz,PeopleReady,Employment Services,1621 Montana Ave,1948,518,3.76,16501.1,0.1181
22s-223@8tf-p3j-jvz,Jeans Night Club & Bar,Drinking Places (Alcoholic Beverages),1615 Montana Ave # Not,1948,518,3.76,16501.1,0.1181
22s-226@8tf-p3j-jvz,Vaqueras Night Club,Drinking Places (Alcoholic Beverages),1615 Montana Ave,1948,518,3.76,16501.1,0.1181
22s-227@8tf-p3j-jvz,Whatever Lounge,Drinking Places (Alcoholic Beverages),1615 Montana Ave # Not,1948,518,3.76,16501.1,0.1181
222-223@8tf-p3j-jvz,Iglesia Bautista La Gran Comision,Religious Organizations,1603 Montana Ave Ste 107,1948,518,3.76,16501.1,0.1181
226-222@8tf-p3j-m49,Farah Law,Legal Services,1231 E Missouri Ave,1734,505,3.43,2637.2,0.6575
225-222@8tf-p3j-jqf,Tres Vistas,Lessors of Real Estate,1600 Arizona Ave,1717,463,3.71,1819.1,0.9439
22j-222@8tf-p3j-m8v,Maxim's Imports Inc Leather Goods,"Jewelry, Luggage, and Leather Goods Stores",1001 E Missouri Ave,1692,456,3.71,4434.7,0.3815
223-222@8tf-p3j-k4v,Condos at 1526 Yandell Dr,Lessors of Real Estate,1526 E Yandell Dr,1643,542,3.03,1227.1,1.3389
228-222@8tf-p3j-gx5,El Paso Bench Ads,"Advertising, Public Relations, and Related Services",1423 E Missouri Ave Ste A,1620,513,3.16,6792.0,0.2385
zzw-222@8tf-p3j-hnq,Fine Arts Museum Foundation,"Museums, Historical Sites, and Similar Institutions",1211 Montana Ave,1519,392,3.88,15284.7,0.0994
22b-223@8tf-p3j-m49,TaxSmart Business Services,"Accounting, Tax Preparation, Bookkeeping, and Payroll Services",1219 E Missouri Ave,1499,464,3.23,2292.7,0.6538
22b-222@8tf-p3j-m49,Law Office of Santiago D Hernandez,Legal Services,1219 E Missouri Ave,1499,464,3.23,2292.7,0.6538
227-222@8tf-p3j-hqz,International Museum of Art,"Museums, Historical Sites, and Similar Institutions",1211 Montana Ave # Not,1490,377,3.95,15478.5,0.0963
zzy-222@8tf-p3j-j35,Eleganzza Granite,Building Finishing Contractors,1628 Wyoming Ave,1482,457,3.24,3207.6,0.462
22d-222@8tf-p3j-hqz,Apartments at 1207 Rio Grande Ave,Lessors of Real Estate,1207 E Rio Grande Ave,1467,425,3.45,3336.8,0.4396
22p-222@8tf-p3j-gx5,Green Border Recycling Corp,Waste Management and Remediation Services,623 Langtry St,1446,451,3.21,9095.5,0.159
22c-224@8tf-p3j-jn5,IAM Real Estate,Offices of Real Estate Agents and Brokers,1522 Montana Ave,1437,395,3.64,11592.7,0.124
225-222@8tf-p3j-jn5,Montana Spanish Seventh Day Adventists Church,Religious Organizations,1526 Montana Ave,1437,395,3.64,11592.7,0.124
22c-222@8tf-p3j-jn5,Law Office of David Wilton,Legal Services,1522 Montana Ave Ste 200,1437,395,3.64,11592.7,0.124
229-223@8tf-p3j-ht9,L & K Spa,Personal Care Services,1309 E Yandell Dr,1376,291,4.73,2680.2,0.5134
229-222@8tf-p3j-ht9,Townhouses at 1309 Yandell Dr,Lessors of Real Estate,1309 E Yandell Dr,1376,291,4.73,2680.2,0.5134
22v-222@8tf-p3j-mc5,Guest Craig Real Estate & Investment,Other Financial Investment Activities,1010 Wyoming Ave,1355,424,3.2,5974.0,0.2268
22j-223@8tf-p3j-kzz,Smith Johnston,Building Equipment Contractors,1120 E Yandell Dr,1327,382,3.47,16877.8,0.0786
223-222@8tf-p3j-87q,Proper Printshop,Specialized Design Services,1120 E Yandell Dr,1327,382,3.47,16877.8,0.0786
23d-222@8tf-p3j-k4v,EPT Fence,Other Specialty Trade Contractors,1606 E Yandell Dr,1318,426,3.09,4316.3,0.3054
22w-222@8tf-p3j-k4v,Dr. Alejandro Huerta DC,Offices of Other Health Practitioners,1604 E Yandell Dr,1318,426,3.09,4316.3,0.3054
229-222@8tf-p3j-6p9,Apartments at 1001 E Nevada Ave,Lessors of Real Estate,1001 E Nevada Ave,1301,455,2.86,6501.4,0.2001
226-222@8tf-p3j-89z,Legacy Mortuary Service of El Paso,Death Care Services,1000 Wyoming Ave,1289,367,3.51,2486.5,0.5184
22w-222@8tf-p3j-j35,Apartments at 609 N Dallas St,Lessors of Real Estate,609 Dallas St,1247,445,2.8,2830.9,0.4405
22p-222@8tf-p3j-j35,Apartments at 603 N Dallas St,Lessors of Real Estate,603 Dallas St,1165,432,2.7,2109.7,0.5522
222-224@8tf-p3h-fxq,Brown Street Market,Grocery Stores,1207 Brown St,1151,381,3.02,1614.6,0.7129
zzw-223@8tf-p3j-jvz,Metro by T-Mobile,Wired and Wireless Telecommunications Carriers,1700 Montana Ave,1072,419,2.56,9913.6,0.1081
222-222@8tf-p3j-k4v,Efficio Construction Services,Other Specialty Trade Contractors,1600 E Yandell Dr,1049,413,2.54,2863.2,0.3664
22k-223@8tf-p3j-jsq,Barnhart Taylor Inc,Other Specialty Trade Contractors,1602 E Yandell Dr,1049,413,2.54,2863.2,0.3664
22k-222@8tf-p3j-jsq,Hot Shot Kixxx,Performing Arts Companies,1602 E Yandell Dr,1049,413,2.54,2863.2,0.3664
222-223@8tf-p3h-fxq,Risen Tattoo Supplies,Technical and Trade Schools,1207 Brown St,1024,357,2.87,1399.3,0.7318
226-225@8tf-p3j-hh5,Rosales Marc Atty,Legal Services,1400 Montana Ave,988,371,2.66,5758.7,0.1716
226-224@8tf-p3j-hh5,Rosales Joe Atty,Legal Services,1400 Montana Ave,988,371,2.66,5758.7,0.1716
229-222@8tf-p3j-5s5,Leo Marketing,"Advertising, Public Relations, and Related Services",1127 E Rio Grande Ave,966,373,2.59,2615.6,0.3693
223-222@8tf-p3j-ht9,Centro de Salud Familiar La Fe Inc,Nursing Care Facilities (Skilled Nursing Facilities),1314 E Yandell Dr,963,376,2.56,9343.1,0.1031
22c-222@8tf-p3h-gff,Law Offices Of Wolff & Associates,Legal Services,1207 Arizona Ave,958,327,2.93,2002.1,0.4785
223-226@8tf-p3j-gx5,Rodriguez Law Firm,Legal Services,1515 E Missouri Ave,927,412,2.25,3326.0,0.2787
223-228@8tf-p3j-gx5,Abogado Arturo Rodriguez,Legal Services,1515 E Missouri Ave,927,412,2.25,3326.0,0.2787
22g-222@8tf-p3j-hbk,Love Women Health,Offices of Other Health Practitioners,1312 E Rio Grande Ave,919,415,2.21,3616.7,0.2541
22g-224@8tf-p3j-hbk,Lovebabies Peacebabies Birth Services,Individual and Family Services,1312 E Rio Grande Ave,919,415,2.21,3616.7,0.2541
22r-222@8tf-p3j-5s5,Watson Law Firm,Legal Services,1123 E Rio Grande Ave,891,358,2.49,2292.7,0.3886
22r-225@8tf-p3j-5s5,Griffin Law Firm,Legal Services,1123 E Rio Grande Ave,891,358,2.49,2292.7,0.3886
224-223@8tf-p3j-5zz,Phillips & Baca PC,"Accounting, Tax Preparation, Bookkeeping, and Payroll Services",1100 Montana Ave,889,394,2.26,9666.0,0.092
246-222@8tf-p3j-5zz,Big A Construction Co,Residential Building Construction,1100 Montana Ave Ste 201,889,394,2.26,9666.0,0.092
22s-222@8tf-p3j-5zz,Bock Rutherford & Co Cpas,"Accounting, Tax Preparation, Bookkeeping, and Payroll Services",1100 Montana Ave Ste 202,889,394,2.26,9666.0,0.092
24h-222@8tf-p3j-5zz,Erxleben Harvey Atty,Legal Services,1100 Montana Ave Ste 208,889,394,2.26,9666.0,0.092
24j-222@8tf-p3j-5zz,RGZ Taxes & Financial Consultant,"Accounting, Tax Preparation, Bookkeeping, and Payroll Services",1100 Montana Ave Ste 203,889,394,2.26,9666.0,0.092
243-222@8tf-p3j-5zz,Gorman Keith C Atty,Legal Services,1100 Montana Ave Ste 101,889,394,2.26,9666.0,0.092
224-225@8tf-p3j-5zz,The Marketing Hunters,"Advertising, Public Relations, and Related Services",1100 Montana Ave,889,394,2.26,9666.0,0.092
22f-222@8tf-p3j-hbk,Bouchard Wellness,Offices of Other Health Practitioners,1315 Montana Ave,866,247,3.51,2120.5,0.4084
228-222@8tf-p3j-89z,Carlos & Sons Body Shop,Automotive Repair and Maintenance,1001 Wyoming Ave,843,352,2.39,4639.2,0.1817
226-223@8tf-p3j-5zz,Papa Burgers,Restaurants and Other Eating Places,1023 E Yandell Dr,780,376,2.07,1872.9,0.4165
22v-223@8tf-p3j-k4v,L&L Roofing and Construction,"Foundation, Structure, and Building Exterior Contractors",1611 Wyoming Ave,761,419,1.82,2906.3,0.2618
22n-223@8tf-p3j-hdv,Substance,Computer Systems Design and Related Services,1307 Arizona Ave,751,413,1.82,1905.2,0.3942
22k-222@8tf-p3j-hh5,Mt Franklin Insurance,"Agencies, Brokerages, and Other Insurance Related Activities",1444 Montana Ave Ste 201,751,359,2.09,8901.7,0.0844
22q-222@8tf-p3j-hh5,Investors Real Estate Bryan Haddad,Offices of Real Estate Agents and Brokers,1444 Montana Ave Ste 200,751,359,2.09,8901.7,0.0844
22k-223@8tf-p3j-hh5,Progressive,"Agencies, Brokerages, and Other Insurance Related Activities",1444 Montana Ave Ste 201,751,359,2.09,8901.7,0.0844
zzy-227@8tf-p3j-k2k,Sun City Sean Your Car Guy,"Management, Scientific, and Technical Consulting Services",Montana Ave,751,359,2.09,8901.7,0.0844
22q-224@8tf-p3j-hh5,Lipson & Dallas PC,Legal Services,1444 Montana Ave Ste 200,751,359,2.09,8901.7,0.0844
22q-223@8tf-p3j-hh5,Lipson Myer J Atty,Legal Services,1444 Montana Ave Ste 200,751,359,2.09,8901.7,0.0844
22h-223@8tf-p3j-hh5,Law Offices of Robert J Truhill,Legal Services,1444 Montana Ave,751,359,2.09,8901.7,0.0844
22n-222@8tf-p3j-hdv,Brave Books,Book Stores and News Dealers,1307 Arizona Ave,751,413,1.82,1905.2,0.3942
22h-222@8tf-p3j-hh5,Ztex Construction,Residential Building Construction,1444 Montana Ave,751,359,2.09,8901.7,0.0844
223-223@8tf-p3j-gx5,Nationwide Is On Your Side,"Agencies, Brokerages, and Other Insurance Related Activities",1515 E Missouri Ave,716,335,2.14,2701.7,0.265
223-227@8tf-p3j-gx5,Empire Tax Services INC,"Other Professional, Scientific, and Technical Services",1515 E Missouri El Paso,716,335,2.14,2701.7,0.265
225-222@8tf-p3j-mc5,Spa Auto Collision,Automotive Repair and Maintenance,1109 Wyoming Ave,690,380,1.82,5941.7,0.1161
22z-222@8tf-p3j-kzz,Heaven Sent Caskets,Death Care Services,1131 E Yandell Dr,677,335,2.02,4294.8,0.1576
226-23j@8tf-p3j-jn5,MS. Rita Aguirre Lpc,Offices of Physicians,1600 Montana Ave,676,275,2.46,14176.1,0.0477
226-22g@8tf-p3j-jn5,Daniel Benuska Lpc,Offices of Physicians,1600 Montana Ave,676,275,2.46,14176.1,0.0477
226-224@8tf-p3j-jn5,Valentina Isaac,Offices of Other Health Practitioners,1600 Montana Ave,676,275,2.46,14176.1,0.0477
226-22b@8tf-p3j-jn5,Tewiana Norris,Offices of Other Health Practitioners,1600 Montana Ave,676,275,2.46,14176.1,0.0477
226-228@8tf-p3j-jn5,Ana Morales Lpc,Offices of Physicians,1600 Montana Ave,676,275,2.46,14176.1,0.0477
226-22f@8tf-p3j-jn5,Nicole Maynez Lpc,Offices of Physicians,1600 Montana Ave,676,275,2.46,14176.1,0.0477
226-22w@8tf-p3j-jn5,"Victoria Estrada Lpc, Lcdc",Offices of Physicians,1600 Montana Ave,676,275,2.46,14176.1,0.0477
226-236@8tf-p3j-jn5,Dr. Hazel Mahatha Dnp,Offices of Other Health Practitioners,1600 Montana Ave,676,275,2.46,14176.1,0.0477
226-22j@8tf-p3j-jn5,Dr. Oscar Villalobos NP,Offices of Other Health Practitioners,1600 Montana Ave,676,275,2.46,14176.1,0.0477
226-223@8tf-p3j-jn5,Alejandra Duarte Larriva,Offices of Physicians,1600 Montana Ave,676,275,2.46,14176.1,0.0477
238-227@8tf-p3j-jy9,Gabriela Marquez Lpc,Offices of Physicians,1601 E Yandell Dr,676,275,2.46,14176.1,0.0477
226-22r@8tf-p3j-jn5,Maria Canizales,Offices of Physicians,1600 Montana Ave,676,275,2.46,14176.1,0.0477
226-22c@8tf-p3j-jn5,Julie Faflik Lmhc,Offices of Physicians,1600 Montana Ave,676,275,2.46,14176.1,0.0477
226-23d@8tf-p3j-jn5,Alicia Moreno Pmhnp,Offices of Other Health Practitioners,1600 Montana Ave,676,275,2.46,14176.1,0.0477
226-22s@8tf-p3j-jn5,Stephen Kahoe Lpc,Offices of Physicians,1600 Montana Ave,676,275,2.46,14176.1,0.0477
226-238@8tf-p3j-jn5,Mr. Hector Hernandez Lpc,Offices of Physicians,1600 Montana Ave,676,275,2.46,14176.1,0.0477
226-23c@8tf-p3j-jn5,Denise Meneses Lpc,Offices of Physicians,1600 Montana Ave,676,275,2.46,14176.1,0.0477
226-227@8tf-p3j-jn5,Terry Brabo Lpc,Offices of Physicians,1600 Montana Ave,676,275,2.46,14176.1,0.0477
226-239@8tf-p3j-jn5,Veronica Johnson Lpc,Offices of Physicians,1600 Montana Ave,676,275,2.46,14176.1,0.0477
226-23f@8tf-p3j-jn5,"Isabel Morales Chavarria M.ed., Lpc",Offices of Physicians,1600 Montana Ave,676,275,2.46,14176.1,0.0477
238-229@8tf-p3j-jy9,Guadalupe Pena Lpc,Offices of Physicians,1601 E Yandell Dr,676,275,2.46,14176.1,0.0477
226-22k@8tf-p3j-jn5,Yomaira Rodriguez,Offices of Physicians,1600 Montana Ave,676,275,2.46,14176.1,0.0477
238-226@8tf-p3j-jy9,Manuela Palacio Lpc,Offices of Physicians,1601 E Yandell Dr,676,275,2.46,14176.1,0.0477
226-235@8tf-p3j-jn5,"Brie Alford Mnsc, Bsn, RN",Offices of Other Health Practitioners,1600 Montana Ave,676,275,2.46,14176.1,0.0477
228-224@8tf-p3j-jn5,Gomecindo Lopez Lpc,Offices of Physicians,1601 Montana Ave,676,275,2.46,14176.1,0.0477
226-222@8tf-p3j-jn5,Emergence Health Network,Offices of Other Health Practitioners,1600 Montana Ave,676,275,2.46,14176.1,0.0477
226-23b@8tf-p3j-jn5,Julio Enriquez Arnp,Offices of Other Health Practitioners,1600 Montana Ave,676,275,2.46,14176.1,0.0477
226-23m@8tf-p3j-jn5,Mayra Valenzuela NP,Offices of Other Health Practitioners,1600 Montana Ave,676,275,2.46,14176.1,0.0477
226-22p@8tf-p3j-jn5,Monica Hernandez Lpc,Offices of Physicians,1600 Montana Ave,676,275,2.46,14176.1,0.0477
226-22y@8tf-p3j-jn5,Aurora Garza Lpc,Offices of Physicians,1600 Montana Ave,676,275,2.46,14176.1,0.0477
226-22t@8tf-p3j-jn5,Chrystal Davis Lpc,Offices of Physicians,1600 Montana Ave,676,275,2.46,14176.1,0.0477
238-228@8tf-p3j-jy9,April Corral Lpc,Offices of Physicians,1601 E Yandell Dr,676,275,2.46,14176.1,0.0477
226-237@8tf-p3j-jn5,Sergio Rodarte MD,Offices of Physicians,1600 Montana Ave,676,275,2.46,14176.1,0.0477
226-22v@8tf-p3j-jn5,Jeanette Espinoza Lpc,Offices of Physicians,1600 Montana Ave,676,275,2.46,14176.1,0.0477
226-23h@8tf-p3j-jn5,Rocio Fernandez Lcdc,Offices of Physicians,1600 Montana Ave,676,275,2.46,14176.1,0.0477
238-224@8tf-p3j-jy9,"Jessica Cantu MA, Lpc",Offices of Physicians,1601 E Yandell Dr,676,275,2.46,14176.1,0.0477
226-22n@8tf-p3j-jn5,Mr. Manuel Hernandez Lpc,Offices of Physicians,1600 Montana Ave,676,275,2.46,14176.1,0.0477
226-22h@8tf-p3j-jn5,Anais Hernandez Lpc,Offices of Physicians,1600 Montana Ave,676,275,2.46,14176.1,0.0477
226-23k@8tf-p3j-jn5,Dianne Barraza,Offices of Other Health Practitioners,1600 Montana Ave,676,275,2.46,14176.1,0.0477
226-22z@8tf-p3j-jn5,MS. Erika Varela,Offices of Physicians,1600 Montana Ave,676,275,2.46,14176.1,0.0477
226-233@8tf-p3j-jn5,Vianney Lopez Lcdc,Offices of Physicians,1600 Montana Ave,676,275,2.46,14176.1,0.0477
226-229@8tf-p3j-jn5,Richard Spencer Lpc,Offices of Physicians,1600 Montana Ave,676,275,2.46,14176.1,0.0477
226-225@8tf-p3j-jn5,Astrid Elizondo Lpc,Offices of Physicians,1600 Montana Ave,676,275,2.46,14176.1,0.0477
226-22x@8tf-p3j-jn5,Rene Lujan Lpc,Offices of Physicians,1600 Montana Ave,676,275,2.46,14176.1,0.0477
226-226@8tf-p3j-jn5,"Danelle Carlos Lcdc, Lpc",Offices of Physicians,1600 Montana Ave,676,275,2.46,14176.1,0.0477
226-223@8tf-p3j-jy9,Sam's Chinese Restaurant,Restaurants and Other Eating Places,1501 E Yandell Dr,650,313,2.08,4111.8,0.1581
22j-222@8tf-p3j-hbk,Mormac Brokerage Agency Inc,"Agencies, Brokerages, and Other Insurance Related Activities",1309 Montana Ave,646,367,1.76,1754.5,0.3682
22j-223@8tf-p3j-hbk,Farmers Insurance Group,"Agencies, Brokerages, and Other Insurance Related Activities",1309 Montana Ave,646,367,1.76,1754.5,0.3682
222-223@8tf-p3j-hbk,Alternative Medicine,Offices of Other Health Practitioners,1300 E Rio Grande Ave,638,326,1.96,3864.2,0.1651
222-226@8tf-p3j-hbk,Live Life Better Clinic,Offices of Physicians,1300 E Rio Grande Ave,638,326,1.96,3864.2,0.1651
222-225@8tf-p3j-hbk,Belle A me Wellness,Offices of Other Health Practitioners,1300 E Rio Grande Ave,638,326,1.96,3864.2,0.1651
222-227@8tf-p3j-hbk,Martinez Azalia,Offices of Physicians,1300 E Rio Grande Ave,638,326,1.96,3864.2,0.1651
239-222@8tf-p3j-mc5,Mando's Automotive,Automotive Repair and Maintenance,715 Octavia St,633,279,2.27,7620.8,0.0831
226-222@8tf-p3j-m6k,Flores Tile Service,Building Finishing Contractors,1212 Wyoming Ave,630,309,2.04,1926.7,0.327
22k-223@8tf-p3j-hnq,Legendary Boot Company,Shoe Stores,1207 E Yandell Dr,608,347,1.75,4058.0,0.1498
22k-222@8tf-p3j-hnq,El Paso Staffing Services,Employment Services,1207 E Yandell Dr,608,347,1.75,4058.0,0.1498
229-222@8tf-p3j-j35,Las Palmas Cafe,Restaurants and Other Eating Places,1620 Wyoming Ave,596,360,1.66,2744.8,0.2171
22k-222@8tf-p3j-kzz,Mission Valley Awnings,Continuing Care Retirement Communities and Assisted Living Facilities for the Elderly,1105 E Yandell Dr,587,298,1.97,7136.5,0.0823
22k-223@8tf-p3j-kzz,Intelia Films,"Other Professional, Scientific, and Technical Services",1105 E Yandell Dr,587,298,1.97,7136.5,0.0823
22x-222@8tf-p3j-5zz,Tradex Laminating Service & Supplies,Couriers and Express Delivery Services,1103 E Yandell Dr Ste 6,587,298,1.97,7136.5,0.0823
225-222@8tf-p3j-ht9,Apartments at 809 Newman St,Lessors of Real Estate,809 Newman St,586,398,1.47,1528.5,0.3834
22m-222@8tf-p3j-mc5,The Fabled Fern Bar,Drinking Places (Alcoholic Beverages),1033 Wyoming Ave,582,273,2.13,1872.9,0.3107
22q-222@8tf-p3j-hdv,Brown 1014,Lessors of Real Estate,1014 Brown St,566,258,2.19,1959.0,0.2889
223-222@8tf-p3j-jd9,Cal Mundell Law Firm,Legal Services,1521 E Missouri Ave,565,317,1.78,2454.2,0.2302
22b-223@8tf-p3j-hh5,Achilles Photography,"Other Professional, Scientific, and Technical Services",1330 Montana Ave,546,291,1.88,2325.0,0.2348
22b-222@8tf-p3j-hh5,Building B,Lessors of Real Estate,1330 Montana Ave,538,286,1.88,2400.3,0.2241
22b-222@8tf-p3h-gff,Top That Services,"Foundation, Structure, and Building Exterior Contractors",1205 E Nevada Ave,529,314,1.68,1937.5,0.273
22b-222@8tf-p3j-hnq,Apartments at 1217 E Yandell Dr,Lessors of Real Estate,1217 E Yandell Dr,527,297,1.77,5037.5,0.1046
224-222@8tf-p3j-hbk,Samajeda Group Llc,Clothing and Clothing Accessories Stores,1320 E Rio Grande Ave,516,335,1.54,2626.4,0.1965
225-222@8tf-p3j-hbk,Omar Mena Photography,"Other Professional, Scientific, and Technical Services",1308 Montana Ave,512,261,1.96,2874.0,0.1782
22h-225@8tf-p3j-5zz,Phillips Hector Atty,Legal Services,1017 Montana Ave,505,287,1.76,3681.3,0.1372
22h-222@8tf-p3j-5zz,Inicia Insurance Group,"Agencies, Brokerages, and Other Insurance Related Activities",1017 Montana Ave,505,287,1.76,3681.3,0.1372
226-222@8tf-p3h-fzz,Apartments at 1415 Brown St,Lessors of Real Estate,1415 Brown St,491,288,1.7,7405.6,0.0663
22b-227@8tf-p3j-k2k,Werge Law Firm PLLC,Legal Services,1413 Montana Ave,479,266,1.8,15252.4,0.0314
zzy-224@8tf-p3j-k2k,Ramos Health Plans,Health Care and Social Assistance,1413 Montana Ave Ste 200,479,266,1.8,15252.4,0.0314
226-223@8tf-p3j-k2k,Guiding Star El Paso,Other Ambulatory Health Care Services,1411 Montana Ave,479,266,1.8,15252.4,0.0314
22b-224@8tf-p3j-k2k,Werge Lawfirm,Legal Services,1413 Montana Ave,479,266,1.8,15252.4,0.0314
226-226@8tf-p3j-k2k,Southwest Coalition for Life,Civic and Social Organizations,1411 Montana El Paso,479,266,1.8,15252.4,0.0314
zzy-225@8tf-p3j-k2k,Her Care Connection,Offices of Other Health Practitioners,1411 Montana Ave Ste 103,479,266,1.8,15252.4,0.0314
226-222@8tf-p3j-5vf,Apartments at 1000 E Rio Grande Ave,Lessors of Real Estate,1000 E Rio Grande Ave,478,291,1.64,4079.5,0.1172
22t-222@8tf-p3j-hdv,Condos at 1309 E Rio Grande Ave,Lessors of Real Estate,1309 E Rio Grande Ave,475,281,1.69,2992.4,0.1587
22h-222@8tf-p3j-jy9,Marian Graphics Inc,Other Miscellaneous Manufacturing,1501 Wyoming Ave,471,281,1.68,7793.1,0.0604
228-225@8tf-p3j-hqz,Law Offices of Ruben Ortiz,Legal Services,1141 E Rio Grande Ave,460,243,1.89,2002.1,0.2298
22b-227@8tf-p3j-5vf,Spencer Joe A Atty,Legal Services,1009 Montana Ave,452,271,1.67,2691.0,0.168
22b-226@8tf-p3j-5vf,Spencer Trial Attorneys,Legal Services,1009 Montana Ave,452,271,1.67,2691.0,0.168
22b-224@8tf-p3j-5vf,LAW RHINOS Top Rated Lawyers Licensed in TX & NM,Legal Services,1009 Montana Ave,452,271,1.67,2691.0,0.168
22b-222@8tf-p3j-5vf,Celia A Villasenor,Legal Services,1009 Montana Ave,452,271,1.67,2691.0,0.168
22g-222@8tf-p3j-8d9,Time For You Massage Therapy,Personal Care Services,916 E Yandell Dr,446,255,1.75,1991.3,0.224
22m-22b@8tf-p3j-hnq,Nurture Development and Lactation,Offices of Other Health Practitioners,1204 Montana Ave,437,265,1.65,2303.5,0.1897
227-222@8tf-p3j-hbk,Creative Gong,"Advertising, Public Relations, and Related Services",1317 Montana Ave,436,296,1.47,2120.5,0.2056
224-223@8tf-p3j-hnq,Santiesteban Tati Atty,Legal Services,1214 Montana Ave,434,236,1.84,2970.8,0.1461
226-222@8tf-p3j-jd9,Best Iron Works,Other Miscellaneous Manufacturing,1601 E Missouri Ave,427,271,1.58,6921.2,0.0617
22d-223@8tf-p3j-5zz,Glasheen Valles & Inderman Injury Lawyers,Legal Services,1101 Montana Ave,418,244,1.71,4822.2,0.0867
22c-222@8tf-p3j-kzz,Frank X Spencer Associates,Activities Related to Real Estate,1130 Montana Ave,407,265,1.54,3928.8,0.1036
22c-223@8tf-p3j-kzz,FXSA Inc,"Architectural, Engineering, and Related Services",1130 Montana Ave,407,265,1.54,3928.8,0.1036
22n-222@8tf-p3j-5s5,Casa Mina,Traveler Accommodation,1137 Arizona Ave,399,272,1.47,2734.0,0.1459
226-222@8tf-p3j-hbk,Paul Meza CPA,"Accounting, Tax Preparation, Bookkeeping, and Payroll Services",1325 Montana Ave,397,293,1.35,3100.0,0.1281
22c-222@8tf-p3j-hnq,The Enriquez Law Firm,Legal Services,1212 Montana Ave,388,208,1.87,2960.1,0.1311
22j-224@8tf-p3j-5zz,Sergio Coronado Attorney,Legal Services,1019 E Yandell Dr,386,233,1.66,3821.2,0.101
22j-223@8tf-p3j-5zz,Law Office Of Sergio Coronado Attorney At Law,Legal Services,1019 E Yandell Dr,386,233,1.66,3821.2,0.101
22j-222@8tf-p3j-5zz,Law Office Of Sergio Coronado,Legal Services,1019 E Yandell Dr,386,233,1.66,3821.2,0.101
22f-222@8tf-p3j-jsq,Pimen Properties,Lessors of Real Estate,1701 Wyoming Ave,385,238,1.62,4703.8,0.0818
22c-22p@8tf-p3j-hkf,FA TRUST Services,"Other Professional, Scientific, and Technical Services",1401 Montana Ave,379,204,1.86,13358.0,0.0284
22c-22n@8tf-p3j-hkf,Marcos Pinon Insurance Brokers,"Agencies, Brokerages, and Other Insurance Related Activities",1401 Montana Ave,379,204,1.86,13358.0,0.0284
22x-222@8tf-p3j-hkf,El Paso County Democratic Party,Civic and Social Organizations,1401 Montana Ave Ste E,379,204,1.86,13358.0,0.0284
zzy-223@8tf-p3j-hkf,Setra Law Firm,Legal Services,1401 Montana Ave Ste B-1,379,204,1.86,13358.0,0.0284
22c-222@8tf-p3j-hkf,Apprvd,Other Financial Investment Activities,1401 Montana Ave,379,204,1.86,13358.0,0.0284
23d-222@8tf-p3j-hkf,Julian V Horwitz At Law,Legal Services,1401 Montana Ave Ste M,379,204,1.86,13358.0,0.0284
22c-22j@8tf-p3j-hkf,AhOK,Other Miscellaneous Manufacturing,1401 Montana Ave,379,204,1.86,13358.0,0.0284
236-222@8tf-p3j-hh5,Pearl Properties,Activities Related to Real Estate,900 Newman St,379,204,1.86,13358.0,0.0284
22c-22q@8tf-p3j-hkf,Discount Solar,Building Equipment Contractors,1401 Montana Ave,379,204,1.86,13358.0,0.0284
22c-229@8tf-p3j-hkf,4 Gen Therapy Services,Offices of Other Health Practitioners,1401 Montana Ave Ste C,379,204,1.86,13358.0,0.0284
22c-22h@8tf-p3j-hkf,Law Office of Diego A Vazquez,Legal Services,1401 Montana Ave,379,204,1.86,13358.0,0.0284
233-222@8tf-p3j-hkf,Thrifty Enterprise,Automotive Equipment Rental and Leasing,1401 Montana Ave Ste D,379,204,1.86,13358.0,0.0284
22c-22g@8tf-p3j-hkf,International Brotherhood of Electrical Workers,Civic and Social Organizations,1401 Montana Ave,379,204,1.86,13358.0,0.0284
22h-222@8tf-p3j-hkf,Comtel U S A,Computer Systems Design and Related Services,1401 Montana Ave Ste C,379,204,1.86,13358.0,0.0284
22c-226@8tf-p3j-hkf,RoofCARE,"Foundation, Structure, and Building Exterior Contractors",1401 Montana Ave Unit 10,379,204,1.86,13358.0,0.0284
23b-223@8tf-p3j-hkf,"Mrs. Lois Nance Lpc, Lmft",Offices of Physicians,1401 Montana Ave Ste L,379,204,1.86,13358.0,0.0284
22c-22k@8tf-p3j-hkf,ServiceMaster,Services to Buildings and Dwellings,1401 Montana Ave,379,204,1.86,13358.0,0.0284
22c-22d@8tf-p3j-hkf,Texas Save A Life CPR and First Aid LLC,Other Ambulatory Health Care Services,1401 Montana El Paso,379,204,1.86,13358.0,0.0284
23b-222@8tf-p3j-hkf,Dr. Ingrid Chowdhury PhD,Offices of Physicians,1401 Montana Ave Ste L,379,204,1.86,13358.0,0.0284
22c-22c@8tf-p3j-hkf,Meiidz,Services to Buildings and Dwellings,1401 Montana Ave,379,204,1.86,13358.0,0.0284
222-222@8tf-p3j-jn5,Snoddy Sam Atty,Legal Services,1518 Montana Ave,367,241,1.52,3218.4,0.114
22m-222@8tf-p3j-kxq,PCS Home Realty and Property Management,Offices of Real Estate Agents and Brokers,1200 Wyoming Ave,363,225,1.61,2508.0,0.1447
23h-222@8tf-p3j-jvz,United Transportation Union Local 18,"Agriculture, Forestry, Fishing and Hunting",905 Dallas St,361,248,1.46,7707.0,0.0468
22w-222@8tf-p3j-jvz,Tien Shan Tzi,Elementary and Secondary Schools,1629 Montana Ave,361,248,1.46,7707.0,0.0468
22p-222@8tf-p3j-jvz,Health Matters Acupuncture,Offices of Other Health Practitioners,1627 Montana Ave,361,248,1.46,7707.0,0.0468
23h-223@8tf-p3j-jvz,United Transportation Union,Civic and Social Organizations,905 Dallas St,361,248,1.46,7707.0,0.0468
227-222@8tf-p3j-jvz,ATMAS Healing & Enlightenment Center,Offices of Other Health Practitioners,1625 Montana Ave,361,248,1.46,7707.0,0.0468
224-222@8tf-p3j-5j9,Nuevo Hogar Home Care Provides,Home Health Care Services,1031 E Rio Grande Ave,354,238,1.49,3121.5,0.1134
222-223@8tf-p3j-gx5,The Law Offices of Rios Parada & Seanez PLLC,Legal Services,1505 E Missouri Ave,353,232,1.52,2131.3,0.1656
222-222@8tf-p3j-gx5,The Law Offices of Rios Parada & Seanez,Legal Services,1505 E Missouri Ave,353,232,1.52,2131.3,0.1656
232-222@8tf-p3j-kzz,Aladdin Laundry,Drycleaning and Laundry Services,805 Noble St,350,230,1.52,1959.0,0.1787
22k-222@8tf-p3j-grk,JAYVA Print House,Printing and Related Support Activities,1331 Wyoming Ave,344,210,1.64,2174.3,0.1582
222-222@8tf-p3j-m6k,Apartments at 709 Brown St,Lessors of Real Estate,709 Brown St,340,225,1.51,1485.4,0.2289
zzw-222@8tf-p3j-5zz,Ke Sabroso,Restaurants and Other Eating Places,1015 1/5 E Yandell Dr,338,219,1.54,3842.7,0.088
22f-222@8tf-p3j-5j9,Law Office Of Orlando Mondragon,Legal Services,1028 E Rio Grande Ave,337,188,1.79,1582.3,0.213
22f-222@8tf-p3j-hqz,Ramos Robert Atty,Legal Services,1145 E Rio Grande Ave,334,201,1.66,2841.7,0.1175
22v-222@8tf-p3j-jsq,Nova Body Design,Personal Care Services,706 Dallas St,331,207,1.6,4036.5,0.082
225-222@8tf-p3j-jd9,Daw Pest Control & Lawn Service,Services to Buildings and Dwellings,1525 E Missouri Ave,330,238,1.39,2604.9,0.1267
22k-222@8tf-p3j-jvz,Puerto Vallarta Grill,Restaurants and Other Eating Places,1611 Montana Ave # Not,325,221,1.47,818.1,0.3973
227-222@8tf-qxh-hnq,Santa Fe Home Care,Home Health Care Services,611 Newman St,320,182,1.76,6996.5,0.0457
228-222@8tf-p3j-h3q,Rosales and Rosales Counseling Services,Offices of Other Health Practitioners,611 Newman St,320,182,1.76,6996.5,0.0457
228-223@8tf-p3j-h3q,Mabel Rosales Lcdc,Offices of Physicians,611 Newman St,320,182,1.76,6996.5,0.0457
22d-224@8tf-p3j-hnq,Sandra Prieto Law Office,Legal Services,1210 Montana Ave,312,192,1.62,2615.6,0.1193
223-224@8tf-p3j-5xq,Impulse Development,"Advertising, Public Relations, and Related Services",1002 Arizona Ave,312,203,1.54,2195.8,0.1421
23q-222@8tf-p3j-hnq,Derek Quinata,Legal Services,1210 Montana Ave Ste 203,312,192,1.62,2615.6,0.1193
22n-222@8tf-p3j-5xq,Christ Chavez Photographer,"Other Professional, Scientific, and Technical Services",1002 Arizona Ave Ste 1,312,203,1.54,2195.8,0.1421
23w-222@8tf-p3j-hnq,Desert Lotus USA,Offices of Other Health Practitioners,1210 Montana Ave Ste 205,312,192,1.62,2615.6,0.1193
223-225@8tf-p3j-5xq,El Paso Photo Ops,Consumer Goods Rental,1002 Arizona Ave,312,203,1.54,2195.8,0.1421
zzy-223@8tf-p3j-jvz,Sun Metro Montana Dallas,Urban Transit Systems,Sun Metro Montana Dallas,311,196,1.59,,
22d-222@8tf-p3j-jn5,Aim Construction Company,Residential Building Construction,1523 E Yandell Dr,311,190,1.64,1883.7,0.1651
228-222@8tf-p3j-jy9,The Law Offices of Carlos Spector,Legal Services,1430 E Yandell Dr,307,188,1.63,2174.3,0.1412
22h-225@8tf-p3j-jsq,REsource Transactions LLC,Offices of Real Estate Agents and Brokers,1701 E Yandell Dr,307,179,1.72,3186.1,0.0964
22h-222@8tf-p3j-jsq,Francis Properties,Activities Related to Real Estate,1701 E Yandell Dr,307,179,1.72,3186.1,0.0964
228-224@8tf-p3j-jy9,Spector and Spector,Legal Services,1430 E Yandell Dr,307,188,1.63,2174.3,0.1412
22h-224@8tf-p3j-jsq,Prime Capital Management,Activities Related to Real Estate,1701 E Yandell Dr,307,179,1.72,3186.1,0.0964
228-223@8tf-p3j-jy9,Spector Irwin M,Legal Services,1430 E Yandell Dr,307,188,1.63,2174.3,0.1412
227-222@8tf-p3j-hkf,Apartments at 1400 Arizona Ave,Lessors of Real Estate,1400 Arizona Ave,303,211,1.44,2421.9,0.1251
229-222@8tf-p3j-hbk,El Paso County Medical Society,Offices of Physicians,1301 Montana Ave,300,202,1.49,4876.0,0.0615
22v-222@8tf-p3j-5mk,La Solita Groceries,Grocery Stores,1110 Octavia St,296,187,1.58,3444.4,0.0859
22m-222@8tf-p3j-ht9,The Law Office of Perry Pinon,Legal Services,1312 Montana Ave,290,177,1.64,2120.5,0.1368
224-228@8tf-p3j-ht9,Mr. Eduardo Pena Lpc,Offices of Physicians,1310 Montana Ave,290,177,1.64,2120.5,0.1368
22m-223@8tf-p3j-ht9,Neil Siegel Attorney At Law,Legal Services,1312 Montana Ave,290,177,1.64,2120.5,0.1368
22m-226@8tf-p3j-ht9,Juan A Gonzalez,Legal Services,1312 Montana Ave,290,177,1.64,2120.5,0.1368
22m-227@8tf-p3j-ht9,Perry Pinon Law,Legal Services,1312 Montana Ave,290,177,1.64,2120.5,0.1368
22f-222@8tf-p3j-kxq,B&M Building Services Construction & Contracting,Residential Building Construction,1116 Wyoming El Paso,287,201,1.43,1463.9,0.1961
222-224@8tf-p3j-hh5,Tea & Social,Restaurants and Other Eating Places,1420 Montana Ave,286,209,1.37,2120.5,0.1349
227-222@8tf-p3j-kzz,Novatech Systems,Computer Systems Design and Related Services,1112 Montana Ave,278,166,1.67,2335.8,0.119
227-223@8tf-p3j-kzz,Salas Gonzalo Cpa,"Accounting, Tax Preparation, Bookkeeping, and Payroll Services",1112 Montana Ave,278,166,1.67,2335.8,0.119
22b-224@8tf-p3j-jn5,Alberto Rodriguez Lpc,Offices of Physicians,1551 Montana Ave,271,167,1.62,7028.8,0.0386
22b-22f@8tf-p3j-jn5,Daniel Ortega Lpc,Offices of Physicians,1551 Montana Ave,271,167,1.62,7028.8,0.0386
22b-22b@8tf-p3j-jn5,Tiffany Hernandez Pmhnp-bc,Offices of Other Health Practitioners,1551 Montana Ave,271,167,1.62,7028.8,0.0386
22b-228@8tf-p3j-jn5,El Paso MHMR DBA Emergence Health Network,Outpatient Care Centers,1551 Montana Ave,271,167,1.62,7028.8,0.0386
22b-227@8tf-p3j-jn5,Mariaitzel Favela Lpc,Offices of Physicians,1551 Montana Ave,271,167,1.62,7028.8,0.0386
22b-22d@8tf-p3j-jn5,Celeste Nevarez Lpc,Offices of Physicians,1551 Montana Ave,271,167,1.62,7028.8,0.0386
22b-22c@8tf-p3j-jn5,Michelle Cabral Lpc,Offices of Physicians,1551 Montana Ave,271,167,1.62,7028.8,0.0386
22d-222@8tf-p3j-5vf,Pate & Appleby,"Accounting, Tax Preparation, Bookkeeping, and Payroll Services",1011 Montana Ave,270,209,1.29,3272.2,0.0825
227-222@8tf-p3j-hnq,Law Office of Ruben Hernandez,Legal Services,1205 E Yandell Dr,269,212,1.27,1959.0,0.1373
23c-222@8tf-p3j-kzz,Eduardo Mariscal Pmhnp-bc,Offices of Other Health Practitioners,1122 Montana Ave Ste A,267,179,1.49,2464.9,0.1083
229-223@8tf-p3j-hkf,Sun City Analytical Inc,"Architectural, Engineering, and Related Services",1409 Montana Ave,267,207,1.29,2281.9,0.117
224-224@8tf-p3j-kzz,Alfredo H Arellano Pmhcns BC PA,Offices of Other Health Practitioners,1122 Montana Ave,267,179,1.49,2464.9,0.1083
224-222@8tf-p3j-kzz,Diamond Bar Shaving & Beard,Personal Care Services,1122 Montana Ave,267,179,1.49,2464.9,0.1083
224-227@8tf-p3j-kzz,Del Puerto Construction Co,Residential Building Construction,1122 Montana Ave,267,179,1.49,2464.9,0.1083
22f-222@8tf-p3j-k4v,International Border Trucking,"Management, Scientific, and Technical Consulting Services",1525 Wyoming Ave,267,185,1.44,2055.9,0.1299
224-228@8tf-p3j-kzz,Blush Boutique & Spa,Personal Care Services,1122 Montana Ave,267,179,1.49,2464.9,0.1083
22h-222@8tf-p3j-m6k,Migza Collision Center,Automotive Repair and Maintenance,1217 Wyoming Ave,266,188,1.41,3971.9,0.067
225-225@8tf-p3j-5zz,Diamond Hormone Replacement Therapy,Personal Care Services,1013 Montana Ave,261,184,1.42,2238.9,0.1166
22k-222@8tf-p3j-8jv,El Paso Veterinary Supply,"Other Professional, Scientific, and Technical Services",1517 Wyoming Ave,251,175,1.43,3907.3,0.0642
22c-223@8tf-p3j-hbk,Breeze Autocare,Management of Companies and Enterprises,1319 Montana Ave,247,188,1.31,2174.3,0.1136
222-223@8tf-p3j-jy9,Rigos Body & Paint,Automotive Repair and Maintenance,1505 Wyoming El Paso,240,178,1.35,5048.3,0.0475
22b-225@8tf-p3j-m6k,El Paso Opera,Performing Arts Companies,1218 E Yandell Dr,238,151,1.58,2529.5,0.0941
zzy-225@8tf-p3f-k9f,Lara Creative,"Management, Scientific, and Technical Consulting Services",1218 W Yandell Dr Ste 207,238,151,1.58,2529.5,0.0941
22b-226@8tf-p3j-m6k,Cathedral High School Alumni Association LQVQ,Elementary and Secondary Schools,1218 E Yandell Dr,238,151,1.58,2529.5,0.0941
22q-222@8tf-p3j-jvz,Labor Ready,Employment Services,1621 Montana Ave,226,163,1.39,1668.4,0.1355
228-227@8tf-p3j-hh5,Ruth Fierro-glover,Offices of Physicians,1418 Montana Ave,225,129,1.74,2335.8,0.0963
228-22c@8tf-p3j-hh5,Molly Luevanos Lpc,Offices of Physicians,1418 Montana Ave,225,129,1.74,2335.8,0.0963
228-222@8tf-p3j-hh5,Pinnacle Social Services,Offices of Other Health Practitioners,1418 Montana Ave,225,129,1.74,2335.8,0.0963
228-224@8tf-p3j-hh5,MS. Blanca Gadney-moss MA Lpc Lmft Ncc,Offices of Physicians,1418 Montana Ave,225,129,1.74,2335.8,0.0963
228-226@8tf-p3j-hh5,Cesiah Garcia,Offices of Physicians,1418 Montana Ave,225,129,1.74,2335.8,0.0963
228-228@8tf-p3j-hh5,Mrs. Lucia Gadney Lpc,Offices of Physicians,1418 Montana Ave,225,129,1.74,2335.8,0.0963
228-22b@8tf-p3j-hh5,Vanessa Gonzalez Lpc,Offices of Physicians,1418 Montana Ave,225,129,1.74,2335.8,0.0963
228-225@8tf-p3j-hh5,Mr. Joe Collins,Offices of Physicians,1418 Montana Ave,225,129,1.74,2335.8,0.0963
226-224@8tf-p3j-k2k,Danila Jimenez Aprn-cnp,Offices of Other Health Practitioners,1411 Montana Ave,225,129,1.74,2335.8,0.0963
22m-22c@8tf-p3j-hnq,Beckster's Boutique,Clothing Stores,1204 Montana Ave,221,147,1.5,2830.9,0.0781
22m-223@8tf-p3j-hnq,POLARIS Therapeutic Massage & Bodywork,Personal Care Services,1204 Montana Ave,221,147,1.5,2830.9,0.0781
22m-225@8tf-p3j-hnq,Wendy Robin Weir MA,Offices of Other Health Practitioners,1204 Montana Ave,221,147,1.5,2830.9,0.0781
22m-227@8tf-p3j-hnq,Blanc,Personal Care Services,1204 Montana Ave Ste E,221,147,1.5,2830.9,0.0781
228-225@8tf-p3j-jn5,Candy's Cake & Baking Supplies,Other Schools and Instruction,1601 Montana Ave,218,109,2.0,5672.6,0.0384
228-223@8tf-p3j-jn5,Spiritual Worx,Home Furnishings Stores,1601 Montana Ave,218,109,2.0,5672.6,0.0384
225-227@8tf-p3q-zj9,Plans for Life,"Agencies, Brokerages, and Other Insurance Related Activities",806 Ange St,218,148,1.47,2852.4,0.0764
232-222@8tf-p3j-jn5,Provident Safety Consulting Services,Other Schools and Instruction,801 N Lee St,216,149,1.45,1377.8,0.1568
224-222@8tf-p3j-jd9,Karen Colon Law PLLC,Legal Services,1531 E Missouri Ave,215,160,1.34,1689.9,0.1272
22j-222@8tf-p3j-jy9,Legacy Appliance Sales & Repair,Electronics and Appliance Stores,1507 Wyoming Ave,214,154,1.39,4650.0,0.046
226-223@8tf-p3j-5pv,Oscar Ornelas Pc,"Accounting, Tax Preparation, Bookkeeping, and Payroll Services",1111 Montana Ave,213,160,1.33,4445.5,0.0479
229-229@8tf-p3j-hnq,Ray Velarde Attorney A,Legal Services,1216 Montana Ave,209,155,1.35,1141.0,0.1832
229-225@8tf-p3j-hnq,Velarde Ray Attorney at Law,Legal Services,1216 Montana Ave,209,155,1.35,1141.0,0.1832
229-22b@8tf-p3j-hnq,Jose Troche Law Office,Legal Services,1216 Montana Ave,209,155,1.35,1141.0,0.1832
229-228@8tf-p3j-hnq,The Law Office of Orlando J Torres,Legal Services,1216 Montana Ave,209,155,1.35,1141.0,0.1832
22y-222@8tf-p3j-hdv,Paso Del Norte Civil Rights Project,Legal Services,1317 E Rio Grande Ave,207,155,1.34,2992.4,0.0692
22j-222@8tf-p3j-hnq,Felipe DJ Millan,Legal Services,1147 Montana Ave,204,151,1.35,2368.1,0.0861
22j-223@8tf-p3j-hnq,Law Offices of Felipe Millan,Legal Services,1147 Montana Ave,204,151,1.35,2368.1,0.0861
22q-225@8tf-p3j-m6k,Mindfulness Based Somatic Therapy,Other Amusement and Recreation Industries,710 Noble St,203,163,1.25,2281.9,0.089
22q-226@8tf-p3j-m6k,Segunda Division,Restaurants and Other Eating Places,710 Noble St,203,163,1.25,2281.9,0.089
22q-223@8tf-p3j-m6k,Acca,Restaurants and Other Eating Places,710 Noble St,203,163,1.25,2281.9,0.089
zzy-222@8tf-p3j-hdv,Sun Metro 1301 Arizona Brown,Urban Transit Systems,1301 Arizona Brown,201,130,1.55,,
22f-222@8tf-p3j-jy9,Salas & Salas Llp,Legal Services,1500 Montana Ave,201,127,1.58,2066.7,0.0973
22f-222@8tf-p3j-jn5,Yandell Barber Shop,Personal Care Services,1527 E Yandell Dr,188,144,1.31,925.7,0.2031
223-223@8tf-p3j-k2k,Goosehead Insurance,"Agencies, Brokerages, and Other Insurance Related Activities",1504 Montana Ave,179,133,1.35,2809.4,0.0637
zzy-223@8tf-p3j-hbk,Sun Metro Montana Brown,Urban Transit Systems,Sun Metro Montana Brown,176,116,1.52,,
22c-222@8tf-p3j-h3q,Called out Christian Ministries,Religious Organizations,1317 E Missouri Ave,172,107,1.61,2314.2,0.0743
22f-222@8tf-p3j-5pv,Bernstein Michael CPA,"Accounting, Tax Preparation, Bookkeeping, and Payroll Services",1131 Montana Ave,171,131,1.31,2303.5,0.0742
zzy-226@8tf-p3j-hnq,Mundy Park,"Museums, Historical Sites, and Similar Institutions",1299 E Yandell Dr,171,122,1.4,3767.4,0.0454
225-222@8tf-p3j-hnq,Centro De Salud Familiar La Fe,Specialty (except Psychiatric and Substance Abuse) Hospitals,1225 E Yandell Dr,171,122,1.4,3767.4,0.0454
22k-222@8tf-p3j-5zz,Robert G Torres & Company,"Accounting, Tax Preparation, Bookkeeping, and Payroll Services",1005 E Yandell Dr,170,126,1.35,2594.1,0.0655
22f-223@8tf-p3j-hnq,JEG Advisors,"Accounting, Tax Preparation, Bookkeeping, and Payroll Services",1203 E Yandell Dr,170,127,1.34,1797.6,0.0946
zzy-225@8tf-p3j-hnq,Jaime Gandara Jr,Offices of Other Health Practitioners,1203 E Yandell Dr,170,127,1.34,1797.6,0.0946
222-222@8tf-p3j-gp9,Sun City Dialysis Center,Outpatient Care Centers,600 Newman St,166,90,1.84,9095.5,0.0183
222-222@8tf-p3j-5zz,Valor Personal Assistance Service,Medical and Diagnostic Laboratories,1014 Montana Ave,161,122,1.32,2400.3,0.0671
223-222@8tf-p3j-k2k,Apartments at 1504 Montana Ave,Lessors of Real Estate,1504 Montana Ave,160,121,1.32,2368.1,0.0676
228-222@8tf-p3j-k2k,Law Offices of Jose Salayandia,Legal Services,1417 Montana Ave,159,130,1.22,3552.1,0.0448
228-223@8tf-p3j-k2k,Lerma Eduardo N Sr Attorney At Law,Legal Services,1417 Montana Ave,159,130,1.22,3552.1,0.0448
zzw-222@8tf-p3j-hh5,Risen Wellness,Drugs and Druggists' Sundries Merchant Wholesalers,1409 Montana Ave,158,129,1.22,1205.6,0.1311
22d-223@8tf-p3j-kxq,Kogel Bearings,"Sporting Goods, Hobby, and Musical Instrument Stores",1127 Wyoming Ave,157,117,1.34,2281.9,0.0688
22d-222@8tf-p3j-kxq,American Business Forms,"Office Supplies, Stationery, and Gift Stores",1127 Wyoming Ave,157,117,1.34,2281.9,0.0688
zzy-223@8tf-p3j-5mk,Sun Metro Arizona Octavia,Urban Transit Systems,Sun Metro Arizona Octavia,154,111,1.39,,
22b-223@8tf-p3j-5vf,Spencer Brothers,Department Stores,1009 Montana Ave,154,128,1.2,1916.0,0.0804
22b-222@8tf-p3j-5xq,Loving Hands,Continuing Care Retirement Communities and Assisted Living Facilities for the Elderly,1003 E Rio Grande Ave,145,122,1.19,3110.8,0.0466
222-223@8tf-p3j-gp9,DaVita,Outpatient Care Centers,600 Newman St,136,74,1.84,8288.2,0.0164
zzy-224@8tf-p3j-5zz,Sun Metro Montana Octavia,Urban Transit Systems,Sun Metro Montana Octavia,133,110,1.21,,
zzy-222@8tf-p3j-66k,Sun Metro Ange River,Urban Transit Systems,Sun Metro Ange River,131,105,1.25,,
224-223@8tf-p3j-jqf,Zima Properties,Other Specialty Trade Contractors,914 N Lee St,130,106,1.23,2023.6,0.0642
224-222@8tf-p3j-jqf,Cap Rate Real Estate Group,Offices of Real Estate Agents and Brokers,914 N Lee St,130,106,1.23,2023.6,0.0642
22g-222@8tf-p3j-hkf,Joe Lopez Law,Legal Services,1408 Arizona Ave,129,116,1.11,2131.3,0.0605
224-226@8tf-p3j-ht9,Southwest Polygraph,"Advertising, Public Relations, and Related Services",1310 Montana Ave,121,85,1.42,2787.9,0.0434
224-223@8tf-p3j-ht9,El Paso Christian Institute,Religious Organizations,1310 Montana Ave,121,85,1.42,2787.9,0.0434
224-227@8tf-p3j-ht9,Francisco Torres Lpc; Lsotp,Offices of Physicians,1310 Montana Ave,121,85,1.42,2787.9,0.0434
224-225@8tf-p3j-ht9,Sun City Psychological Services PLLC,Offices of Other Health Practitioners,1310 Montana Ave,121,85,1.42,2787.9,0.0434
224-224@8tf-p3j-ht9,Reed & Associates,Offices of Other Health Practitioners,1310 Montana Ave,121,85,1.42,2787.9,0.0434
22f-222@8tf-p3j-gx5,Fire Service Equipment,"Justice, Public Order, and Safety Activities",1500 Wyoming Ave,119,89,1.34,3143.1,0.0379
zzy-223@8tf-p3j-kzz,Deshea Exclusive,Personal Care Services,1116 Montana Ave Ste D,118,95,1.24,2421.9,0.0487
22d-224@8tf-p3j-kxq,Rio Bravo Financial Services,"Other Professional, Scientific, and Technical Services",1127 Wyoming Ave,118,92,1.28,1711.5,0.0689
225-222@8tf-p3j-kzz,Insite Strategic Group,Specialized Design Services,1116 Montana Ave,118,95,1.24,2421.9,0.0487
zzy-223@8tf-p3j-hdv,8 Signal Marketing Agency,"Management, Scientific, and Technical Consulting Services",1305 E Rio Grande Ave Ste 1,117,90,1.3,2185.1,0.0535
22c-222@8tf-p3j-grk,Marisela Franco,Offices of Physicians,1406 Wyoming Ave,114,99,1.15,2314.2,0.0493
zzy-223@8tf-p3j-hqz,Sun Metro Rio Grande Noble,Urban Transit Systems,Rio Grande Noble,104,86,1.21,,
228-222@8tf-p3j-jd9,Cuidado Casero,Home Health Care Services,1617 E Missouri Ave,103,68,1.51,7631.6,0.0135
22q-222@8tf-p3j-m6k,Apartments at 710 Noble St,Lessors of Real Estate,710 Noble St,98,90,1.09,1194.8,0.082
22t-222@8tf-p3j-m6k,Predator Pest Control,Services to Buildings and Dwellings,706 Noble St,98,90,1.09,1194.8,0.082
222-226@8tf-p3j-k2k,Emery Advertising,"Advertising, Public Relations, and Related Services",1519 Montana Ave,95,84,1.13,2647.9,0.0359
222-223@8tf-p3j-k2k,Emery Group,"Advertising, Public Relations, and Related Services",1519 Montana Ave,95,84,1.13,2647.9,0.0359
229-222@8tf-p3j-k4v,A6 Tech Nuvo Concepts,Restaurants and Other Eating Places,1608 Wyoming Ave,95,83,1.14,1743.8,0.0545
222-224@8tf-p3j-k2k,The Rodrigo V Ramos Law Firm,Legal Services,1519 Montana Ave,95,84,1.13,2647.9,0.0359
222-227@8tf-p3j-k2k,The Rodrigo V Ramos Law Firm P C,Legal Services,1519 Montana Ave,95,84,1.13,2647.9,0.0359
zzy-223@8tf-p3j-k2k,Sun Metro Montana Langtry,Urban Transit Systems,Sun Metro Montana Langtry,90,80,1.12,,
zzy-222@8tf-p3h-fzz,Sun Metro 1140 River Noble,Urban Transit Systems,1140 E River Ave,83,79,1.05,,
22n-222@8tf-p3j-ht9,Jerry W Miller MD,Offices of Physicians,1330 E Yandell Dr,83,63,1.32,8245.1,0.0101
22n-224@8tf-p3j-ht9,Jerry Winkler Miller,Offices of Physicians,1330 E Yandell Dr,83,63,1.32,8245.1,0.0101
22n-223@8tf-p3j-ht9,Clifton Espinoza MD,Offices of Physicians,1330 E Yandell Dr,83,63,1.32,8245.1,0.0101
22h-222@8tf-p3j-ht9,Southwest General Agency Ins,Administration of Economic Programs,1326 E Yandell Dr,83,63,1.32,8245.1,0.0101
22p-223@8tf-p3j-5zz,Omar Torres Lmsw-acp,Offices of Physicians,1001 Montana Ave,82,62,1.32,1883.7,0.0435
22p-226@8tf-p3j-5zz,Isabelle Robles Lmsw-acp,Offices of Physicians,1001 Montana Ave,82,62,1.32,1883.7,0.0435
22p-222@8tf-p3j-5zz,Mrs. Brenda James Lmsw-acp,Offices of Physicians,1001 Montana Ave,82,62,1.32,1883.7,0.0435
22p-224@8tf-p3j-5zz,Aurora Madrid Lcdc Adc,Offices of Physicians,1001 Montana Ave,82,62,1.32,1883.7,0.0435
22p-227@8tf-p3j-5zz,Julian Valdespino Lcdc,Offices of Physicians,1001 Montana Ave,82,62,1.32,1883.7,0.0435
22c-22r@8tf-p3j-hkf,The Church In El Paso Central District,Religious Organizations,1401 Montana Ave,78,63,1.24,2529.5,0.0308
223-222@8tf-p3j-jy9,Las Americas Immigrant Advocacy Center,Legal Services,1500 E Yandell Dr,76,65,1.17,2077.4,0.0366
22f-225@8tf-p3j-5zz,Jose J Silva M d,Offices of Physicians,1020 Montana Ave,70,61,1.15,2421.9,0.0289
22f-226@8tf-p3j-5zz,Dr. Jose Silva MD,Offices of Physicians,1020 Montana Ave,70,61,1.15,2421.9,0.0289
zzy-223@8tf-p3j-jy9,Sun Metro Yandell Langtry,Urban Transit Systems,Sun Metro Yandell Langtry,70,61,1.15,,
225-224@8tf-p3j-kzz,LCR Resource,"Other Professional, Scientific, and Technical Services",1116 Montana Ave,69,60,1.15,1668.4,0.0414
225-223@8tf-p3j-kzz,Hawk & Hero Productions,"Other Professional, Scientific, and Technical Services",1116 Montana Ave,69,60,1.15,1668.4,0.0414
zzy-223@8tf-p3h-gff,Sun Metro Arizona Noble,Urban Transit Systems,Sun Metro Arizona Noble,58,57,1.02,,
zzy-224@8tf-p3j-5xq,Sun Metro 901 Arizona Ange,Urban Transit Systems,901 Arizona Ave,55,47,1.17,,
22c-223@8tf-p3j-h3q,Gods Remnant Assembly El Paso,Religious Organizations,1317 E Missouri Ave,47,45,1.04,2346.5,0.02
22g-222@8tf-p3j-jy9,La Familia Del Paso,Offices of Other Health Practitioners,1511 E Yandell Dr,45,37,1.22,2066.7,0.0218
zzy-223@8tf-p3j-hnq,Sun Metro Yandell Brown,Urban Transit Systems,Sun Metro Yandell Brown,43,39,1.1,,
222-226@8tf-p3j-5pv,MS. Graciela Pinon L.p.c.,Offices of Physicians,905 Noble St,32,29,1.1,1313.2,0.0244
222-224@8tf-p3j-5pv,El Paso Adoption Services,Individual and Family Services,905 Noble St,32,29,1.1,1313.2,0.0244
222-227@8tf-p3j-5pv,The Noble House,Other Schools and Instruction,905 Noble St,32,29,1.1,1313.2,0.0244
222-223@8tf-p3j-5pv,Sage Holistic Wellness,Personal Care Services,905 Noble St,32,29,1.1,1313.2,0.0244
222-222@8tf-p3j-5pv,Aguirre Rafael,Offices of Other Health Practitioners,905 Noble St,32,29,1.1,1313.2,0.0244
222-225@8tf-p3j-5pv,Manos De Luz,Offices of Other Health Practitioners,905 Noble St,32,29,1.1,1313.2,0.0244
224-222@8tf-p3j-5pv,Abundant Living Home Health,Home Health Care Services,1115 Montana Ave,31,29,1.07,3821.2,0.0081
zzy-222@8tf-p3j-hkf,Sun Metro Rio Grande Newman,Urban Transit Systems,Rio Grande Newman,30,30,1.0,,
22b-223@8tf-p3j-jn5,Drug Disposal Site at CENTRAL OUTPATIENT,Waste Treatment and Disposal,1551 Montana Ave Ste 204,30,26,1.15,,
22m-222@8tf-p3j-gx5,Reproductive Services,Outpatient Care Centers,1511 E Missouri Ave,23,21,1.1,3552.1,0.0065
228-223@8tf-p3h-g6k,Jorge Bilbao MD,Offices of Physicians,1301 E River Ave,20,18,1.11,3272.2,0.0061
228-222@8tf-p3h-g6k,Pathology Professional Services,Offices of Physicians,1301 E River Ave,20,18,1.11,3272.2,0.0061
zzy-222@8tf-p3h-hqz,Sun Metro Arizona Golden Hill Terrace,Urban Transit Systems,Arizona Golden Hl Ter,18,18,1.0,,
229-222@8tf-p3j-8d9,Iglesia Luterana Cristo Rey,Religious Organizations,1010 E Yandell Dr,5,5,1.0,6372.2,0.0008
22h-222@8tf-p3h-hnq,El Paso High Feeder Community Schools,Elementary and Secondary Schools,1300 Circle Dr,1,1,1.0,968.8,0.001
