STREETNAME,Fri,Mon,Sat,Sun,Thu,Tue,Wed
ANGE,1734,1271,1944,1313,1729,1164,1771
ARIZONA,1243,1200,1243,1309,1012,1086,1434
BROWN,1580,1520,1289,1258,1571,1793,1642
CALIFORNIA,148,109,157,113,156,121,138
CIRCLE,48,56,37,33,22,32,15
CLIFF,53,47,81,61,73,36,97
DALLAS,1285,1108,899,965,1503,1231,1218
GOLDEN HILL TERRACE,39,50,32,47,46,71,57
LANGTRY,624,373,597,667,698,773,633
LEE,864,864,748,700,841,804,708
MISSOURI,3100,3239,3240,2527,4137,3185,4227
MONTANA,2562,2526,2196,2297,2886,3359,3165
NEVADA,560,448,474,297,612,355,399
NEWMAN,965,856,935,548,728,830,813
NOBLE,1093,1029,1261,849,1152,1017,1225
OCTAVIA,1208,1313,1155,1090,1338,1268,1264
RIO GRANDE,2523,2139,2296,2302,2293,2365,2475
RIVER,144,115,67,181,101,103,172
WRIGHT,11,15,10,17,31,10,45
WYOMING,2484,2309,2934,2434,2747,2300,2525
YANDELL,3046,2920,2937,2349,2852,2955,2921
