STREETNAME,pedestrian,vehicular,total_segments,pct_pedestrian,pct_vehicular
MISSOURI,8508,15147,23655,36.0,64.0
YANDELL,11914,8066,19980,59.6,40.4
MONTANA,9114,9877,18991,48.0,52.0
WYOMING,8973,8760,17733,50.6,49.4
RIO GRANDE,8570,7823,16393,52.3,47.7
ANGE,5472,5454,10926,50.1,49.9
BROWN,4954,5699,10653,46.5,53.5
OCTAVIA,4784,3852,8636,55.4,44.6
ARIZONA,4187,4340,8527,49.1,50.9
DALLAS,4052,4157,8209,49.4,50.6
NOBLE,3751,3875,7626,49.2,50.8
NEWMAN,3246,2429,5675,57.2,42.8
LEE,3445,2084,5529,62.3,37.7
LANGTRY,2397,1968,4365,54.9,45.1
NEVADA,1700,1445,3145,54.1,45.9
CALIFORNIA,293,649,942,31.1,68.9
RIVER,322,561,883,36.5,63.5
CLIFF,101,347,448,22.5,77.5
GOLDEN HILL TERRACE,125,217,342,36.5,63.5
CIRCLE,64,179,243,26.3,73.7
WRIGHT,44,95,139,31.7,68.3
