STREETNAME,segment_id,cross_street_a,cross_street_b,n_segments_total,n_segments_pedestrian,n_segments_vehicular,pct_local_of_resolved,n_places_excl_lessors,visits_excl_lessors,visits_per_traffic,classification,note
OCTAVIA,0,RIO GRANDE,ARIZONA,1717,1100,617,88.9,0,0,0.0,DESTINATION,
CALIFORNIA,1,(subarea edge),ANGE,108,31,77,,0,0,0.0,LOCAL,
MONTANA,2,(subarea edge),ANGE,777,243,534,100.0,0,0,0.0,DESTINATION,
OCTAVIA,3,MISSOURI,WYOMING,4068,2725,1343,99.1,0,0,0.0,DESTINATION,
RIO GRANDE,4,ANGE,OCTAVIA,1968,1057,911,100.0,0,0,0.0,DESTINATION,
NOBLE,5,NEVADA,CALIFORNIA,226,86,140,,0,0,0.0,LOCAL,
MONTANA,6,LEE,DALLAS,3199,1289,1910,94.3,0,0,0.0,DESTINATION,
YANDELL,7,(subarea edge),(subarea edge),222,38,184,94.4,0,0,0.0,LOCAL,
LEE,8,MONTANA,RIO GRANDE,1219,687,532,25.6,1,271.0,0.2223,DESTINATION,
DALLAS,9,MONTANA,RIO GRANDE,1662,790,872,96.7,2,722.0,0.4344,DESTINATION,
NEWMAN,10,(subarea edge),(subarea edge),17,4,13,,0,0,0.0,LOCAL,
OCTAVIA,11,YANDELL,MONTANA,2247,1420,827,93.0,0,0,0.0,DESTINATION,
NEWMAN,12,MISSOURI,WYOMING,2603,1336,1267,97.4,1,320.0,0.1229,DESTINATION,
CALIFORNIA,13,CIRCLE,WRIGHT,208,18,190,100.0,0,0,0.0,LOCAL,
CALIFORNIA,14,ANGE,OCTAVIA,205,39,166,100.0,0,0,0.0,LOCAL,
OCTAVIA,15,WYOMING,YANDELL,2440,1521,919,95.8,1,582.0,0.2385,DESTINATION,
CALIFORNIA,16,(subarea edge),(subarea edge),612,147,465,100.0,0,0,0.0,LOCAL,
LANGTRY,17,(subarea edge),(subarea edge),56,13,43,100.0,0,0,0.0,LOCAL,
NOBLE,18,WYOMING,YANDELL,1361,838,523,88.3,2,406.0,0.2983,DESTINATION,
ANGE,19,MONTANA,RIO GRANDE,1230,745,485,100.0,4,328.0,0.2667,DESTINATION,
RIVER,20,(subarea edge),(subarea edge),86,12,74,100.0,0,0,0.0,LOCAL,
NEWMAN,21,WYOMING,YANDELL,636,285,351,92.9,1,83.0,0.1305,LOCAL,hidden draw -- high visits-per-traffic despite low absolute traffic
LANGTRY,22,WYOMING,YANDELL,2154,950,1204,99.4,0,0,0.0,DESTINATION,
NEVADA,23,OCTAVIA,NOBLE,376,151,225,33.3,0,0,0.0,LOCAL,
CLIFF,24,(subarea edge),ARIZONA,136,14,122,100.0,0,0,0.0,LOCAL,
CLIFF,25,(subarea edge),OCTAVIA,37,3,34,,0,0,0.0,LOCAL,
DALLAS,26,(subarea edge),MISSOURI,1244,267,977,61.5,0,0,0.0,DESTINATION,
LEE,27,YANDELL,MONTANA,1962,1167,795,87.8,1,216.0,0.1101,DESTINATION,
DALLAS,28,RIO GRANDE,ARIZONA,207,52,155,100.0,0,0,0.0,LOCAL,
RIO GRANDE,29,OCTAVIA,NOBLE,15111,10740,4371,89.2,0,0,0.0,DESTINATION,
MONTANA,30,DALLAS,(subarea edge),3004,1146,1858,96.5,1,311.0,0.1035,DESTINATION,
MONTANA,31,BROWN,NEWMAN,4436,2856,1580,94.6,1,176.0,0.0397,DESTINATION,
CIRCLE,32,(subarea edge),(subarea edge),139,10,129,100.0,0,0,0.0,LOCAL,
NOBLE,33,MONTANA,RIO GRANDE,2515,1522,993,91.5,0,0,0.0,DESTINATION,
MONTANA,34,(subarea edge),(subarea edge),1994,399,1595,100.0,0,0,0.0,DESTINATION,
WYOMING,35,ANGE,OCTAVIA,7501,4921,2580,92.2,0,0,0.0,DESTINATION,
DALLAS,36,MISSOURI,WYOMING,8037,4800,3237,82.4,1,1482.0,0.1844,DESTINATION,
WYOMING,37,NEWMAN,LANGTRY,4136,2492,1644,99.7,0,0,0.0,DESTINATION,
WYOMING,38,OCTAVIA,NOBLE,4561,3549,1012,97.2,0,0,0.0,DESTINATION,
WYOMING,39,LEE,DALLAS,6485,4135,2350,84.0,0,0,0.0,DESTINATION,
ANGE,40,YANDELL,MONTANA,626,333,293,100.0,0,0,0.0,LOCAL,
NEVADA,41,(subarea edge),ANGE,324,176,148,100.0,0,0,0.0,LOCAL,
NEWMAN,42,(subarea edge),(subarea edge),21,5,16,,0,0,0.0,LOCAL,
ANGE,43,WYOMING,YANDELL,2563,1722,841,97.4,0,0,0.0,DESTINATION,
MONTANA,44,ANGE,OCTAVIA,2397,1129,1268,97.1,0,0,0.0,DESTINATION,
MONTANA,45,OCTAVIA,NOBLE,3928,2133,1795,71.2,2,1022.0,0.2602,DESTINATION,
RIO GRANDE,46,BROWN,NEWMAN,3768,2176,1592,95.4,0,0,0.0,DESTINATION,
ARIZONA,47,(subarea edge),(subarea edge),141,38,103,100.0,0,0,0.0,LOCAL,
NEVADA,48,WRIGHT,(subarea edge),26,5,21,,0,0,0.0,LOCAL,
ARIZONA,49,(subarea edge),(subarea edge),125,20,105,100.0,0,0,0.0,LOCAL,
WRIGHT,50,NEVADA,CALIFORNIA,68,18,50,100.0,0,0,0.0,LOCAL,
NEWMAN,51,RIO GRANDE,ARIZONA,748,371,377,81.5,0,0,0.0,LOCAL,
OCTAVIA,52,MONTANA,RIO GRANDE,2457,1672,785,92.8,0,0,0.0,DESTINATION,
NOBLE,53,MISSOURI,WYOMING,2306,1181,1125,98.4,1,363.0,0.1574,DESTINATION,
RIO GRANDE,54,(subarea edge),(subarea edge),183,29,154,100.0,0,0,0.0,LOCAL,
NEVADA,55,(subarea edge),(subarea edge),158,12,146,,0,0,0.0,LOCAL,
OCTAVIA,56,CLIFF,CLIFF,17,0,17,,0,0,0.0,LOCAL,
MONTANA,57,NOBLE,NOBLE,1159,673,486,98.9,0,0,0.0,DESTINATION,
MISSOURI,58,BROWN,NOBLE,7617,3582,4035,97.4,3,6441.0,0.8456,DESTINATION,
LANGTRY,59,YANDELL,MONTANA,3645,2021,1624,98.8,0,0,0.0,DESTINATION,
NEVADA,60,ANGE,OCTAVIA,1672,1018,654,100.0,0,0,0.0,DESTINATION,
DALLAS,61,YANDELL,MONTANA,1564,630,934,73.0,3,1686.0,1.078,DESTINATION,
OCTAVIA,62,ARIZONA,NEVADA,1246,953,293,33.3,1,296.0,0.2376,DESTINATION,
WYOMING,63,NOBLE,BROWN,1987,1217,770,85.8,0,0,0.0,DESTINATION,
NEWMAN,64,ARIZONA,NEVADA,172,30,142,100.0,0,0,0.0,LOCAL,
NEVADA,65,(subarea edge),(subarea edge),77,12,65,100.0,0,0,0.0,LOCAL,
MISSOURI,66,ANGE,(subarea edge),2004,212,1792,67.1,0,0,0.0,DESTINATION,
YANDELL,67,(subarea edge),(subarea edge),250,30,220,95.5,0,0,0.0,LOCAL,
RIVER,68,(subarea edge),ANGE,119,46,73,,0,0,0.0,LOCAL,
RIO GRANDE,69,LEE,DALLAS,2024,1176,848,96.6,2,260.0,0.1285,DESTINATION,
ANGE,70,NEVADA,CALIFORNIA,4880,2775,2105,100.0,0,0,0.0,DESTINATION,
WYOMING,71,LANGTRY,LEE,1989,963,1026,95.1,2,518.0,0.2604,DESTINATION,
MONTANA,72,NEWMAN,LANGTRY,3721,2117,1604,93.8,1,751.0,0.2018,DESTINATION,
CIRCLE,73,CALIFORNIA,RIVER,79,6,73,100.0,0,0,0.0,LOCAL,
RIO GRANDE,74,NOBLE,BROWN,3367,2257,1110,87.2,1,104.0,0.0309,DESTINATION,
MONTANA,75,NOBLE,BROWN,2165,1188,977,97.3,0,0,0.0,DESTINATION,
MISSOURI,76,LEE,LANGTRY,1424,346,1078,63.6,0,0,0.0,DESTINATION,
CALIFORNIA,77,BROWN,CIRCLE,240,72,168,,0,0,0.0,LOCAL,
NOBLE,78,RIVER,(subarea edge),306,155,151,100.0,0,0,0.0,LOCAL,
MONTANA,79,(subarea edge),(subarea edge),483,101,382,100.0,0,0,0.0,LOCAL,
ANGE,80,MISSOURI,WYOMING,7994,3786,4208,81.1,2,2981.0,0.3729,DESTINATION,
MISSOURI,81,NEWMAN,BROWN,1411,457,954,50.0,1,172.0,0.1219,DESTINATION,
MISSOURI,82,(subarea edge),DALLAS,1794,556,1238,73.9,0,0,0.0,DESTINATION,
NEVADA,83,NOBLE,BROWN,2579,1877,702,100.0,0,0,0.0,DESTINATION,
ANGE,84,RIVER,CLIFF,432,293,139,,1,131.0,0.3032,LOCAL,hidden draw -- high visits-per-traffic despite low absolute traffic
MISSOURI,85,DALLAS,LEE,1942,569,1373,88.1,0,0,0.0,DESTINATION,
ANGE,86,CALIFORNIA,RIVER,206,73,133,,0,0,0.0,LOCAL,
ANGE,87,ARIZONA,NEVADA,320,146,174,100.0,0,0,0.0,LOCAL,
NEWMAN,88,YANDELL,MONTANA,8284,6819,1465,92.7,0,0,0.0,DESTINATION,
OCTAVIA,89,NEVADA,CALIFORNIA,194,77,117,100.0,0,0,0.0,LOCAL,
ARIZONA,90,ANGE,(subarea edge),185,80,105,100.0,1,55.0,0.2973,LOCAL,hidden draw -- high visits-per-traffic despite low absolute traffic
NOBLE,91,CALIFORNIA,RIVER,227,63,164,100.0,0,0,0.0,LOCAL,
NOBLE,92,RIO GRANDE,ARIZONA,1682,713,969,85.2,0,0,0.0,DESTINATION,
MONTANA,93,LANGTRY,LEE,3231,1455,1776,80.5,2,1527.0,0.4726,DESTINATION,
CLIFF,94,(subarea edge),ANGE,178,29,149,100.0,0,0,0.0,LOCAL,
MONTANA,95,(subarea edge),(subarea edge),441,59,382,100.0,0,0,0.0,LOCAL,
NEVADA,96,NEWMAN,WRIGHT,26,2,24,100.0,0,0,0.0,LOCAL,
RIVER,97,NOBLE,BROWN,223,83,140,100.0,0,0,0.0,LOCAL,
MONTANA,98,(subarea edge),(subarea edge),514,137,377,100.0,0,0,0.0,LOCAL,
RIO GRANDE,99,(subarea edge),(subarea edge),181,56,125,100.0,0,0,0.0,LOCAL,
RIVER,100,ANGE,OCTAVIA,174,75,99,,0,0,0.0,LOCAL,
RIO GRANDE,101,(subarea edge),(subarea edge),171,48,123,,0,0,0.0,LOCAL,
CLIFF,102,OCTAVIA,BROWN,277,15,262,33.3,0,0,0.0,LOCAL,
GOLDEN HILL TERRACE,103,ARIZONA,(subarea edge),271,127,144,100.0,0,0,0.0,LOCAL,
GOLDEN HILL TERRACE,104,ARIZONA,ARIZONA,283,82,201,100.0,0,0,0.0,LOCAL,
LANGTRY,105,(subarea edge),(subarea edge),22,1,21,,0,0,0.0,LOCAL,
MISSOURI,106,NOBLE,OCTAVIA,10867,6763,4104,97.9,0,0,0.0,DESTINATION,
ANGE,107,RIO GRANDE,ARIZONA,783,502,281,100.0,0,0,0.0,DESTINATION,
RIVER,108,BROWN,CIRCLE,88,12,76,100.0,0,0,0.0,LOCAL,
MISSOURI,109,OCTAVIA,ANGE,19613,5337,14276,80.0,1,5855.0,0.2985,DESTINATION,
WYOMING,110,BROWN,NEWMAN,1209,745,464,96.8,0,0,0.0,DESTINATION,
LEE,111,WYOMING,YANDELL,5243,4271,972,99.2,2,2098.0,0.4002,DESTINATION,
WRIGHT,112,CALIFORNIA,(subarea edge),104,24,80,100.0,0,0,0.0,LOCAL,
ANGE,113,CLIFF,(subarea edge),98,2,96,100.0,0,0,0.0,LOCAL,
NEVADA,114,BROWN,CIRCLE,342,87,255,100.0,0,0,0.0,LOCAL,
DALLAS,115,WYOMING,YANDELL,1815,999,816,91.9,0,0,0.0,DESTINATION,
CIRCLE,116,NEVADA,CALIFORNIA,131,23,108,100.0,0,0,0.0,LOCAL,
WYOMING,117,(subarea edge),(subarea edge),350,76,274,85.4,0,0,0.0,LOCAL,
OCTAVIA,118,RIVER,CLIFF,131,19,112,100.0,0,0,0.0,LOCAL,
CLIFF,119,ANGE,(subarea edge),34,3,31,,0,0,0.0,LOCAL,
ARIZONA,120,OCTAVIA,ANGE,2869,2142,727,100.0,1,154.0,0.0537,DESTINATION,
NEVADA,121,CIRCLE,NEWMAN,23,1,22,,0,0,0.0,LOCAL,
RIO GRANDE,122,(subarea edge),(subarea edge),372,74,298,100.0,0,0,0.0,LOCAL,
NOBLE,123,ARIZONA,NEVADA,753,329,424,100.0,0,0,0.0,DESTINATION,
LEE,124,MISSOURI,WYOMING,571,166,405,34.1,0,0,0.0,LOCAL,
LANGTRY,125,MISSOURI,WYOMING,2705,1370,1335,92.3,0,0,0.0,DESTINATION,
CALIFORNIA,126,NOBLE,BROWN,430,186,244,100.0,0,0,0.0,LOCAL,
RIVER,127,OCTAVIA,NOBLE,453,138,315,100.0,1,83.0,0.1832,LOCAL,hidden draw -- high visits-per-traffic despite low absolute traffic
RIO GRANDE,128,(subarea edge),(subarea edge),141,29,112,100.0,0,0,0.0,LOCAL,
WYOMING,129,(subarea edge),ANGE,3937,2430,1507,99.2,0,0,0.0,DESTINATION,
NEWMAN,130,MONTANA,RIO GRANDE,1049,434,615,44.8,1,379.0,0.3613,DESTINATION,
RIO GRANDE,131,NEWMAN,(subarea edge),613,115,498,95.7,1,30.0,0.0489,LOCAL,hidden draw -- high visits-per-traffic despite low absolute traffic
MISSOURI,132,LANGTRY,NEWMAN,2144,678,1466,56.1,0,0,0.0,DESTINATION,
OCTAVIA,133,CALIFORNIA,RIVER,82,7,75,,0,0,0.0,LOCAL,
WYOMING,134,DALLAS,(subarea edge),1297,372,925,100.0,0,0,0.0,DESTINATION,
NOBLE,135,YANDELL,MONTANA,3677,2926,751,95.6,0,0,0.0,DESTINATION,
RIO GRANDE,136,DALLAS,(subarea edge),469,112,357,100.0,0,0,0.0,LOCAL,
YANDELL,137,ANGE,(subarea edge),1333,727,606,98.3,0,0,0.0,DESTINATION,
MONTANA,138,(subarea edge),(subarea edge),363,66,297,90.5,0,0,0.0,LOCAL,
YANDELL,139,LANGTRY,NEWMAN,1047,518,529,95.8,1,70.0,0.0669,DESTINATION,
BROWN,140,RIO GRANDE,ARIZONA,3859,2466,1393,75.8,0,0,0.0,DESTINATION,
BROWN,141,MISSOURI,WYOMING,3728,1876,1852,98.1,1,1734.0,0.4651,DESTINATION,
YANDELL,142,NOBLE,OCTAVIA,5517,3731,1786,90.9,1,587.0,0.1064,DESTINATION,
BROWN,143,(subarea edge),CLIFF,127,11,116,,0,0,0.0,LOCAL,
ARIZONA,144,(subarea edge),GOLDEN HILL TERRACE,4591,3424,1167,100.0,0,0,0.0,DESTINATION,
YANDELL,145,(subarea edge),(subarea edge),460,49,411,100.0,0,0,0.0,LOCAL,
BROWN,146,WYOMING,YANDELL,1321,774,547,100.0,0,0,0.0,DESTINATION,
ARIZONA,147,BROWN,NOBLE,1682,712,970,95.5,0,0,0.0,DESTINATION,
YANDELL,148,LEE,LANGTRY,5964,4342,1622,99.6,0,0,0.0,DESTINATION,
ARIZONA,149,DALLAS,(subarea edge),343,115,228,100.0,0,0,0.0,LOCAL,
YANDELL,150,DALLAS,LEE,4724,3185,1539,99.0,1,1049.0,0.2221,DESTINATION,
YANDELL,151,(subarea edge),DALLAS,783,243,540,96.5,0,0,0.0,DESTINATION,
BROWN,152,(subarea edge),(subarea edge),345,44,301,100.0,0,0,0.0,LOCAL,
ARIZONA,153,NEWMAN,BROWN,2694,1670,1024,97.5,1,201.0,0.0746,DESTINATION,
YANDELL,154,OCTAVIA,ANGE,7717,4690,3027,95.8,0,0,0.0,DESTINATION,
BROWN,155,MONTANA,RIO GRANDE,2320,1227,1093,99.8,0,0,0.0,DESTINATION,
ARIZONA,156,(subarea edge),CLIFF,194,41,153,100.0,0,0,0.0,LOCAL,
BROWN,157,NEVADA,CALIFORNIA,5114,3214,1900,12.5,2,2175.0,0.4253,DESTINATION,
ARIZONA,158,CLIFF,DALLAS,140,16,124,100.0,0,0,0.0,LOCAL,
BROWN,159,YANDELL,MONTANA,1091,439,652,95.7,2,342.0,0.3135,DESTINATION,
YANDELL,160,BROWN,NOBLE,3198,2107,1091,93.3,2,281.0,0.0879,DESTINATION,
YANDELL,161,NEWMAN,BROWN,11623,7985,3638,80.8,0,0,0.0,DESTINATION,
ARIZONA,162,GOLDEN HILL TERRACE,GOLDEN HILL TERRACE,187,32,155,100.0,1,18.0,0.0963,LOCAL,hidden draw -- high visits-per-traffic despite low absolute traffic
BROWN,163,RIVER,(subarea edge),248,49,199,100.0,0,0,0.0,LOCAL,
ARIZONA,164,NOBLE,OCTAVIA,2031,1059,972,96.4,1,58.0,0.0286,DESTINATION,
BROWN,165,ARIZONA,NEVADA,1899,874,1025,100.0,0,0,0.0,DESTINATION,
BROWN,166,CALIFORNIA,RIVER,416,60,356,66.7,0,0,0.0,LOCAL,
ARIZONA,167,GOLDEN HILL TERRACE,NEWMAN,466,181,285,100.0,0,0,0.0,LOCAL,
ARIZONA,168,(subarea edge),(subarea edge),122,12,110,100.0,0,0,0.0,LOCAL,
CLIFF,169,(subarea edge),OCTAVIA,73,9,64,100.0,0,0,0.0,LOCAL,
RIO GRANDE,170,(subarea edge),ANGE,376,140,236,100.0,0,0,0.0,LOCAL,
CALIFORNIA,171,OCTAVIA,NOBLE,144,20,124,100.0,0,0,0.0,LOCAL,
LANGTRY,172,(subarea edge),(subarea edge),5,0,5,100.0,0,0,0.0,LOCAL,
RIO GRANDE,173,(subarea edge),LEE,393,76,317,100.0,0,0,0.0,LOCAL,
CIRCLE,174,RIVER,(subarea edge),28,6,22,,0,0,0.0,LOCAL,
