STREETNAME,mode,origin,n_segments,pct_of_street_mode
ANGE,pedestrian,distant,19,0.2
ANGE,pedestrian,local,730,7.0
ANGE,pedestrian,unresolved,9628,92.8
ANGE,vehicular,distant,57,0.7
ANGE,vehicular,local,211,2.4
ANGE,vehicular,unresolved,8487,96.9
ARIZONA,pedestrian,distant,5,0.1
ARIZONA,pedestrian,local,384,4.0
ARIZONA,pedestrian,unresolved,9153,95.9
ARIZONA,vehicular,distant,3,0.0
ARIZONA,vehicular,local,142,2.3
ARIZONA,vehicular,unresolved,6083,97.7
BROWN,pedestrian,distant,51,0.5
BROWN,pedestrian,local,684,6.2
BROWN,pedestrian,unresolved,10299,93.3
BROWN,vehicular,distant,38,0.4
BROWN,vehicular,local,343,3.6
BROWN,vehicular,unresolved,9053,96.0
CALIFORNIA,pedestrian,local,15,2.9
CALIFORNIA,pedestrian,unresolved,498,97.1
CALIFORNIA,vehicular,local,16,1.1
CALIFORNIA,vehicular,unresolved,1418,98.9
CIRCLE,pedestrian,local,6,13.3
CIRCLE,pedestrian,unresolved,39,86.7
CIRCLE,vehicular,local,30,9.0
CIRCLE,vehicular,unresolved,302,91.0
CLIFF,pedestrian,distant,4,5.5
CLIFF,pedestrian,local,5,6.8
CLIFF,pedestrian,unresolved,64,87.7
CLIFF,vehicular,local,2,0.3
CLIFF,vehicular,unresolved,660,99.7
DALLAS,pedestrian,distant,67,0.9
DALLAS,pedestrian,local,541,7.2
DALLAS,pedestrian,unresolved,6930,91.9
DALLAS,vehicular,distant,68,1.0
DALLAS,vehicular,local,176,2.5
DALLAS,vehicular,unresolved,6747,96.5
GOLDEN HILL TERRACE,pedestrian,local,6,2.9
GOLDEN HILL TERRACE,pedestrian,unresolved,203,97.1
GOLDEN HILL TERRACE,vehicular,local,4,1.2
GOLDEN HILL TERRACE,vehicular,unresolved,341,98.8
LANGTRY,pedestrian,distant,2,0.0
LANGTRY,pedestrian,local,504,11.6
LANGTRY,pedestrian,unresolved,3849,88.4
LANGTRY,vehicular,distant,20,0.5
LANGTRY,vehicular,local,280,6.6
LANGTRY,vehicular,unresolved,3932,92.9
LEE,pedestrian,distant,88,1.4
LEE,pedestrian,local,541,8.6
LEE,pedestrian,unresolved,5662,90.0
LEE,vehicular,distant,17,0.6
LEE,vehicular,local,89,3.3
LEE,vehicular,unresolved,2598,96.1
MISSOURI,pedestrian,distant,103,0.6
MISSOURI,pedestrian,local,1533,8.3
MISSOURI,pedestrian,unresolved,16864,91.2
MISSOURI,vehicular,distant,318,1.0
MISSOURI,vehicular,local,1030,3.4
MISSOURI,vehicular,unresolved,28968,95.6
MONTANA,pedestrian,distant,135,0.9
MONTANA,pedestrian,local,1700,11.3
MONTANA,pedestrian,unresolved,13156,87.8
MONTANA,vehicular,distant,93,0.6
MONTANA,vehicular,local,569,3.4
MONTANA,vehicular,unresolved,16159,96.1
NEVADA,pedestrian,distant,2,0.1
NEVADA,pedestrian,local,295,8.8
NEVADA,pedestrian,unresolved,3044,91.1
NEVADA,vehicular,local,56,2.5
NEVADA,vehicular,unresolved,2206,97.5
NEWMAN,pedestrian,distant,71,0.8
NEWMAN,pedestrian,local,558,6.0
NEWMAN,pedestrian,unresolved,8655,93.2
NEWMAN,vehicular,distant,40,0.9
NEWMAN,vehicular,local,153,3.6
NEWMAN,vehicular,unresolved,4053,95.5
NOBLE,pedestrian,distant,65,0.8
NOBLE,pedestrian,local,1259,16.1
NOBLE,pedestrian,unresolved,6489,83.1
NOBLE,vehicular,distant,49,0.9
NOBLE,vehicular,local,338,6.5
NOBLE,vehicular,unresolved,4853,92.6
OCTAVIA,pedestrian,distant,30,0.3
OCTAVIA,pedestrian,local,1269,13.4
OCTAVIA,pedestrian,unresolved,8195,86.3
OCTAVIA,vehicular,distant,27,0.5
OCTAVIA,vehicular,local,298,5.8
OCTAVIA,vehicular,unresolved,4780,93.6
RIO GRANDE,pedestrian,distant,363,2.0
RIO GRANDE,pedestrian,local,3031,16.8
RIO GRANDE,pedestrian,unresolved,14691,81.2
RIO GRANDE,vehicular,distant,91,0.8
RIO GRANDE,vehicular,local,1080,9.8
RIO GRANDE,vehicular,unresolved,9881,89.4
RIVER,pedestrian,local,48,13.1
RIVER,pedestrian,unresolved,318,86.9
RIVER,vehicular,local,34,4.4
RIVER,vehicular,unresolved,743,95.6
WRIGHT,pedestrian,local,12,28.6
WRIGHT,pedestrian,unresolved,30,71.4
WRIGHT,vehicular,local,29,22.3
WRIGHT,vehicular,unresolved,101,77.7
WYOMING,pedestrian,distant,111,0.5
WYOMING,pedestrian,local,1893,9.1
WYOMING,pedestrian,unresolved,18896,90.4
WYOMING,vehicular,distant,102,0.8
WYOMING,vehicular,local,587,4.7
WYOMING,vehicular,unresolved,11863,94.5
YANDELL,pedestrian,distant,426,1.5
YANDELL,pedestrian,local,3597,13.0
YANDELL,pedestrian,unresolved,23622,85.4
YANDELL,vehicular,distant,134,0.9
YANDELL,vehicular,local,1215,8.0
YANDELL,vehicular,unresolved,13844,91.1
